{
    "mse": 0.11918733458270889,
    "mae": 0.1803210865826273,
    "r2": 0.3854946359345059
}