{
    "mse": 0.061533387408451906,
    "mae": 0.14132981734018357,
    "r2": 0.4256812183183322
}