{
    "mse": 0.1023445797908106,
    "mae": 0.16970677441489315,
    "r2": 0.3961106006764975
}