{
    "mse": 0.5903408695781734,
    "mae": 0.6329180012887146,
    "r2": -0.0027686458231861444
}