{
    "mse": 0.5298877362167097,
    "mae": 0.5938248596381811,
    "r2": 0.09991864858683774
}