{
    "mse": 0.07207118791753425,
    "mae": 0.15033556975324347,
    "r2": 0.4335999171889171
}